{
  "LP": {
    "profit": 573.3283775015005,
    "time": 0.0012640953063964844,
    "alloc": {
      "RTX_5090": 8.80281690140845,
      "H200_141G": 1.1971830985915495
    }
  },
  "MILP": {
    "profit": 553.4807567907402,
    "time": 0.002805948257446289,
    "alloc": {
      "RTX_5090": 9,
      "H200_141G": 1
    }
  },
  "Convex": {
    "profit": 442.0974700508613,
    "time": 0.00551915168762207,
    "alloc": {
      "RTX_5090": 5.246024047774251,
      "RTX_4090": 1.909991820699966,
      "RTX_5080": 1.1960508780025205,
      "H200_141G": 0.7782319187912312,
      "H100_80G": 0.8697013334362584
    }
  },
  "MonteCarlo": {
    "mean_profit_24h": 553.2920300000001,
    "std_dev": 59.458953245319584,
    "prob_profit_gt_0": 1.0,
    "prob_profit_gt_50": 1.0,
    "p5_profit": 532.7800000000001,
    "p95_profit": 553.2800000000001
  }
}