{"mean":9.303114,"std":5.1596512036,"prob_profit":1.0,"allocation":{"RTX_4090":0,"RTX_5090":5,"A100_80G":0,"H100":0}}